[
  {
    "id": "efe5c765-9fa0-4eff-ad41-d80fc8435899",
    "data": [
      {
        "text": "more quotes",
        "userDefined": false
      }
    ],
    "isTemplate": false,
    "count": 0,
    "updated": 1515698643
  },
  {
    "id": "9c2c4898-9523-4fc4-b91e-d82eb72fc89d",
    "data": [
      {
        "text": "more please!",
        "userDefined": false
      }
    ],
    "isTemplate": false,
    "count": 0,
    "updated": 1515698643
  },
  {
    "id": "cfc17c88-bfb4-4246-842a-087b8ec029d8",
    "data": [
      {
        "text": "i want to hear another",
        "userDefined": false
      }
    ],
    "isTemplate": false,
    "count": 0,
    "updated": 1515698643
  },
  {
    "id": "397fa5f7-6c25-4b71-852f-01eeceb4b583",
    "data": [
      {
        "text": "more quotes please",
        "userDefined": false
      }
    ],
    "isTemplate": false,
    "count": 0,
    "updated": 1515698643
  },
  {
    "id": "c865e73a-000f-42ce-95a1-426791e791a9",
    "data": [
      {
        "text": "another quote",
        "userDefined": false
      }
    ],
    "isTemplate": false,
    "count": 0,
    "updated": 1515698643
  },
  {
    "id": "378fb062-5660-4004-adc9-e8c200a2cabc",
    "data": [
      {
        "text": "another one",
        "userDefined": false
      }
    ],
    "isTemplate": false,
    "count": 0,
    "updated": 1515698643
  }
]