[
  {
    "id": "b2bdafe1-f837-42a5-bb07-3da8ca1d414c",
    "data": [
      {
        "text": "what is ",
        "userDefined": false
      },
      {
        "text": "katherine johnson",
        "alias": "author",
        "meta": "@author",
        "userDefined": false
      },
      {
        "text": "\u0027s bio",
        "userDefined": false
      }
    ],
    "isTemplate": false,
    "count": 0,
    "updated": 1515634983
  },
  {
    "id": "90d6217d-a312-4dce-8dcf-7ae0e19d257e",
    "data": [
      {
        "text": "what\u0027s the bio for ",
        "userDefined": false
      },
      {
        "text": "grace hopper",
        "alias": "author",
        "meta": "@author",
        "userDefined": false
      }
    ],
    "isTemplate": false,
    "count": 0,
    "updated": 1515634983
  },
  {
    "id": "15e5eb4a-16ae-485f-9e66-7cbc98ed48a2",
    "data": [
      {
        "text": "who was ",
        "userDefined": false
      },
      {
        "text": "grace hopper",
        "alias": "author",
        "meta": "@author",
        "userDefined": false
      }
    ],
    "isTemplate": false,
    "count": 0,
    "updated": 1515634983
  },
  {
    "id": "1cc1a8c7-8cb0-47e1-8876-1fe7ef60b359",
    "data": [
      {
        "text": "give me a bio for ",
        "userDefined": false
      },
      {
        "text": "katherine johnson",
        "alias": "author",
        "meta": "@author",
        "userDefined": false
      }
    ],
    "isTemplate": false,
    "count": 0,
    "updated": 1515634983
  }
]