[
  {
    "id": "f12064bf-49e1-4e28-86bf-27272dd4ee97",
    "data": [
      {
        "text": "Hey there.",
        "userDefined": false
      }
    ],
    "isTemplate": false,
    "count": 0
  },
  {
    "id": "8ee29ecd-5df3-495d-82fe-3393b72a2746",
    "data": [
      {
        "text": "Hello!",
        "userDefined": false
      }
    ],
    "isTemplate": false,
    "count": 0
  },
  {
    "id": "2049f7b1-c23a-44b9-bb2d-ab44945be13a",
    "data": [
      {
        "text": "Hi",
        "userDefined": false
      }
    ],
    "isTemplate": false,
    "count": 0
  }
]