[
  {
    "id": "9826b181-e55c-4383-bd01-d5a1c0448f1e",
    "data": [
      {
        "text": "I want a quote on ",
        "userDefined": false
      },
      {
        "text": "invention",
        "alias": "topic",
        "meta": "@topic",
        "userDefined": true
      }
    ],
    "isTemplate": false,
    "count": 0
  },
  {
    "id": "4a840e14-a758-4889-b87b-58e4207d5cf2",
    "data": [
      {
        "text": "Give me a ",
        "userDefined": false
      },
      {
        "text": "technology",
        "alias": "topic",
        "meta": "@topic",
        "userDefined": false
      },
      {
        "text": " quote",
        "userDefined": false
      }
    ],
    "isTemplate": false,
    "count": 0
  },
  {
    "id": "ec206e10-77f1-4044-a871-9aa3afd2fb28",
    "data": [
      {
        "text": "Give me a quote about ",
        "userDefined": false
      },
      {
        "text": "diversity",
        "alias": "topic",
        "meta": "@topic",
        "userDefined": true
      }
    ],
    "isTemplate": false,
    "count": 0
  },
  {
    "id": "00b0eb4a-cdec-4a10-9808-1b6750aa46af",
    "data": [
      {
        "text": "Tell me a quote about ",
        "userDefined": false
      },
      {
        "text": "science",
        "alias": "topic",
        "meta": "@topic",
        "userDefined": true
      },
      {
        "text": ".",
        "userDefined": false
      }
    ],
    "isTemplate": false,
    "count": 1
  },
  {
    "id": "2cd98d90-ae87-480f-8c43-c3d32726ce54",
    "data": [
      {
        "text": "Tell me a quote about ",
        "userDefined": false
      },
      {
        "text": "technology",
        "alias": "topic",
        "meta": "@topic",
        "userDefined": false
      },
      {
        "text": ".",
        "userDefined": false
      }
    ],
    "isTemplate": false,
    "count": 0
  },
  {
    "id": "fe674e02-7861-4e28-b523-e8b0632bb833",
    "data": [
      {
        "text": "Tell me a ",
        "userDefined": false
      },
      {
        "text": "Grace Hopper",
        "alias": "author",
        "meta": "@author",
        "userDefined": false
      },
      {
        "text": " quote.",
        "userDefined": false
      }
    ],
    "isTemplate": false,
    "count": 0
  },
  {
    "id": "d576b647-16d8-4492-a2fe-82e726d40893",
    "data": [
      {
        "text": "Give me a quote by ",
        "userDefined": false
      },
      {
        "text": "Grace Hopper",
        "alias": "author",
        "meta": "@author",
        "userDefined": false
      },
      {
        "text": ".",
        "userDefined": false
      }
    ],
    "isTemplate": false,
    "count": 0
  },
  {
    "id": "1743f92b-6422-46b9-bb92-079cd9bd7ec6",
    "data": [
      {
        "text": "Quote please!",
        "userDefined": false
      }
    ],
    "isTemplate": false,
    "count": 0
  },
  {
    "id": "f7f12b78-6b4b-44c7-ba53-1daef99dfb0b",
    "data": [
      {
        "text": "Give me a quotation",
        "userDefined": false
      }
    ],
    "isTemplate": false,
    "count": 0
  },
  {
    "id": "d0edccaa-530d-4a53-bc14-5a1665463824",
    "data": [
      {
        "text": "I\u0027d like to hear a quote",
        "userDefined": false
      }
    ],
    "isTemplate": false,
    "count": 0
  },
  {
    "id": "34d891bd-b2d1-42ca-836c-55233d2c6336",
    "data": [
      {
        "text": "Tell me a quote",
        "userDefined": false
      }
    ],
    "isTemplate": false,
    "count": 0
  }
]